track_name,noise_level,controller_name,run_seed,success,failure_reason,laps_completed,sim_time_s,mean_abs_cross_track_error_m,max_abs_cross_track_error_m,rms_cross_track_error_m,mean_speed_mps,vision_found_rate
oval,clean,pid,0,True,,1.0008396305625524,16.96,0.015499737125749029,0.04922973208718927,0.021520791686194685,0.2806149711200064,1.0
oval,clean,pid,1,True,,1.0008396305625524,16.96,0.015502334238341797,0.049218018501248906,0.021521936732196885,0.28060089449233894,1.0
oval,clean,pid,2,True,,1.0,16.96,0.015521013146825314,0.04924999838351858,0.02155131656242543,0.2805539571605466,1.0
oval,clean,pid,3,True,,1.0,16.94,0.015498524371828068,0.04920749171952634,0.021530643173249472,0.2806838232816942,1.0
oval,clean,pure_pursuit,0,True,,1.0,19.54,0.012255790200640524,0.02489935824280814,0.013968167333303735,0.2499794661269915,1.0
oval,clean,pure_pursuit,1,True,,1.0008396305625524,19.56,0.012230969425662631,0.024861510519025392,0.013941496788592701,0.24987571864973868,1.0
oval,clean,pure_pursuit,2,True,,1.0,19.54,0.012228068817034489,0.02462823087299685,0.013944149421117177,0.24995195330763706,1.0
oval,clean,pure_pursuit,3,True,,1.0,19.52,0.012261363216534286,0.024765438673697,0.01395644409015334,0.2501959521658593,1.0
oval,clean,stanley,0,True,,1.0,16.44,0.01809898736761386,0.03198542499052892,0.01984630479454218,0.2830162591779562,1.0
oval,clean,stanley,1,True,,1.0,16.44,0.018101080410644274,0.03200115136442095,0.0198501969924962,0.2830336512202608,1.0
oval,clean,stanley,2,True,,1.0,16.44,0.018097799907570225,0.03200960309981907,0.01984926154735015,0.2831395657300324,1.0
oval,clean,stanley,3,True,,1.0,16.44,0.01809670360754026,0.0319819478518878,0.01984745141508743,0.28310804925623806,1.0
oval,moderate,pid,0,True,,1.0,17.12,0.013969963006862023,0.04823023658088488,0.020174938444397487,0.27747282699209536,1.0
oval,moderate,pid,1,True,,1.0008396305625524,17.1,0.015511456922828595,0.052227736734321524,0.02194954805564859,0.2794677817922448,1.0
oval,moderate,pid,2,True,,1.0,17.18,0.017148303386774186,0.06398562089729526,0.02528253495620869,0.27630944402946556,1.0
oval,moderate,pid,3,True,,1.0,17.18,0.015258566110409459,0.04297896572147387,0.019482270240095884,0.27798533749167414,1.0
oval,moderate,pure_pursuit,0,True,,1.0,19.44,0.012500406565804525,0.02590848478026348,0.0142095131256566,0.25119100817330253,1.0
oval,moderate,pure_pursuit,1,True,,1.0,19.68,0.0124812328069624,0.02446739549654555,0.014084166621963877,0.25002575283749895,1.0
oval,moderate,pure_pursuit,2,True,,1.0,20.04,0.01269408470756983,0.026204563995539006,0.014629876066361382,0.24430963615451703,1.0
oval,moderate,pure_pursuit,3,True,,1.0,19.64,0.01200849604291837,0.02519895564226417,0.014209763634900533,0.2491796558817684,1.0
oval,moderate,stanley,0,True,,1.0,16.580000000000002,0.018220928787669687,0.03231399716792227,0.02004412262497154,0.28094399549502264,1.0
oval,moderate,stanley,1,True,,1.0,16.82,0.018093658698471172,0.032929401067947124,0.01975735346959612,0.2778762837221898,1.0
oval,moderate,stanley,2,True,,1.0,15.96,0.0185074070814885,0.04588430554576579,0.021484913047172798,0.29101362813074644,1.0
oval,moderate,stanley,3,True,,1.0008396305625524,16.76,0.017812807939863284,0.03414519656219113,0.019811019866098227,0.27886250439403243,1.0
oval,harsh,pid,0,True,,1.0,18.5,0.018281185426623988,0.06221755370892304,0.025731360383651578,0.2562935055448898,1.0
oval,harsh,pid,1,True,,1.0,18.3,0.0136522260053503,0.04524386555952315,0.019308143001631854,0.2629744003622106,1.0
oval,harsh,pid,2,True,,1.0,19.02,0.025672485790632388,0.07391835484494044,0.032795553604790736,0.25085746925559654,1.0
oval,harsh,pid,3,True,,1.0008396305625524,17.72,0.019136812579151345,0.04951342053160251,0.022333637327740487,0.26981401023032986,1.0
oval,harsh,pure_pursuit,0,True,,1.0,19.96,0.014280818457407623,0.03805612536420574,0.016603184934855915,0.24553941629324066,1.0
oval,harsh,pure_pursuit,1,True,,1.0008396305625524,20.62,0.014258500907763292,0.03591933617500052,0.017000526409327643,0.2427135540560827,1.0
oval,harsh,pure_pursuit,2,True,,1.0,20.68,0.015358942577324128,0.04407673277629414,0.01870773602462553,0.23832022900176977,1.0
oval,harsh,pure_pursuit,3,True,,1.0008396305625524,20.7,0.014479811054633323,0.035823851618980225,0.017216068994827187,0.23762051712302334,1.0
oval,harsh,stanley,0,True,,1.0,16.740000000000002,0.018598559648830636,0.038735877598146555,0.02113804458668946,0.27894470564218843,1.0
oval,harsh,stanley,1,True,,1.0,17.2,0.01834702696632488,0.03801115645613094,0.02027593453415586,0.27375072138485534,1.0
oval,harsh,stanley,2,True,,1.0,16.3,0.017382404596243125,0.05031570333795442,0.02142696986946933,0.2855680777230692,1.0
oval,harsh,stanley,3,True,,1.0008396305625524,17.34,0.01785004725909086,0.042059458375926374,0.020774512283016577,0.27112443108671247,1.0
figure_eight,clean,pid,0,True,,1.0,24.78,0.020528034918807,0.07086259310446227,0.027729739985587292,0.19995051103354183,1.0
figure_eight,clean,pid,1,True,,1.0,24.6,0.020694409977989933,0.07161410600601646,0.028260843589840004,0.20192242307300134,1.0
figure_eight,clean,pid,2,True,,1.0,24.580000000000002,0.0206991588124338,0.07182288909270143,0.0282876030555157,0.2021484411303337,1.0
figure_eight,clean,pid,3,True,,1.0,24.560000000000002,0.020659506113024632,0.07178225081464577,0.02823695405857828,0.20220900346318046,1.0
figure_eight,clean,pure_pursuit,0,False,vision_lost,0.22443890274314215,5.34,0.00935964109210227,0.02115190060153971,0.011910089750731712,0.2085493195740265,0.9400749063670412
figure_eight,clean,pure_pursuit,1,False,vision_lost,0.23358270989193683,5.7,0.010240410614722802,0.029410728911457094,0.012923672485912065,0.20409351099773523,0.9438596491228071
figure_eight,clean,pure_pursuit,2,False,vision_lost,0.22527015793848712,5.36,0.00938350777890608,0.020816629329356108,0.011918618842449246,0.20831352568420744,0.9402985074626866
figure_eight,clean,pure_pursuit,3,False,vision_lost,0.22443890274314215,5.36,0.009359248356645915,0.020472834560438604,0.011889075652597171,0.20797341042240208,0.9402985074626866
figure_eight,clean,stanley,0,True,,1.0,21.54,0.015703382245622222,0.036956114482603844,0.018566834059167033,0.2163749711336359,1.0
figure_eight,clean,stanley,1,True,,1.0,21.56,0.015681196833416,0.03695257525647308,0.018550895496840955,0.2161653201588713,1.0
figure_eight,clean,stanley,2,True,,1.0,21.56,0.01570909356062861,0.036942153873199844,0.018583704260668434,0.2161481000450209,1.0
figure_eight,clean,stanley,3,True,,1.0,21.54,0.01567773371872683,0.03697132122165242,0.018547058664876943,0.21629668630202,1.0
figure_eight,moderate,pid,0,True,,1.0,24.8,0.020095130704782086,0.07019907200074424,0.027140395409145566,0.20007512203731742,1.0
figure_eight,moderate,pid,1,True,,1.0008312551953449,25.2,0.02077605862205931,0.06758845467326625,0.026474596421521477,0.1984230425299323,1.0
figure_eight,moderate,pid,2,True,,1.0,25.26,0.02043017546367991,0.06806087363030289,0.026635421649170016,0.19554703016142447,1.0
figure_eight,moderate,pid,3,True,,1.0008312551953449,24.84,0.01979297203266991,0.07511831865045872,0.0274431339072453,0.1987043704802893,1.0
figure_eight,moderate,pure_pursuit,0,False,vision_lost,0.22610141313383209,5.42,0.009697170626927912,0.02487231513469832,0.011761266987536973,0.20794479651177866,0.940959409594096
figure_eight,moderate,pure_pursuit,1,False,vision_lost,0.22111388196176227,5.32,0.010918681846044753,0.023959727739501318,0.012864335119261083,0.20986440630280798,0.9398496240601504
figure_eight,moderate,pure_pursuit,2,False,vision_lost,0.22776392352452202,5.48,0.008638246856651684,0.02349650983831025,0.011321450921216737,0.2064576090039119,0.9416058394160584
figure_eight,moderate,pure_pursuit,3,False,vision_lost,0.2169576059850374,5.14,0.009833265328091043,0.028436126436909126,0.012365121925630837,0.21111846999506,0.9377431906614786
figure_eight,moderate,stanley,0,True,,1.0,21.62,0.015597191884579904,0.03480205131742111,0.01833812484722887,0.215459245837807,1.0
figure_eight,moderate,stanley,1,True,,1.0,21.96,0.015703698599027965,0.03754760447929242,0.018514677942562317,0.21422953807939987,1.0
figure_eight,moderate,stanley,2,True,,1.0008312551953449,21.98,0.016196981233476477,0.03806932153775343,0.018870625746031353,0.21221607980232954,1.0
figure_eight,moderate,stanley,3,True,,1.0008312551953449,21.82,0.01616009354923602,0.03583537661458673,0.018492963557860058,0.21394503864999387,1.0
figure_eight,harsh,pid,0,False,vision_lost,0.22360764754779716,4.94,0.0051421305439555,0.02902705656924346,0.00782528555404875,0.2242087017246335,0.9352226720647774
figure_eight,harsh,pid,1,False,vision_lost,0.24023275145469658,5.82,0.020195107454002874,0.05639182366502281,0.025070023761770376,0.21684828552486357,0.8109965635738832
figure_eight,harsh,pid,2,True,,1.0,24.68,0.019934645753264563,0.06986132220162497,0.025582429459429387,0.19944188672977023,1.0
figure_eight,harsh,pid,3,True,,1.0008312551953449,23.580000000000002,0.024241584409108903,0.08243911232746802,0.03242329173039673,0.21045507311697023,0.9804919423240034
figure_eight,harsh,pure_pursuit,0,False,off_track,0.7672485453034081,19.400000000000002,0.018165271281115763,0.09017821493395783,0.02142869334143096,0.202044645374716,0.9639175257731959
figure_eight,harsh,pure_pursuit,1,False,off_track,0.23192019950124687,5.36,0.016870054497876943,0.09171685458029331,0.020914694970691365,0.23498079630605975,0.9253731343283582
figure_eight,harsh,pure_pursuit,2,False,vision_lost,0.2593516209476309,6.28,0.008810233292164439,0.03255524538558959,0.012202743921047034,0.2074218531882426,0.9490445859872612
figure_eight,harsh,pure_pursuit,3,False,vision_lost,0.22443890274314215,5.08,0.013774296826661763,0.03040166831577026,0.015506165842041033,0.22316653974228082,0.937007874015748
figure_eight,harsh,stanley,0,True,,1.0,20.36,0.01765668896583106,0.04179973945355198,0.02092311361199296,0.22694950889331794,1.0
figure_eight,harsh,stanley,1,True,,1.0,21.02,0.017282338847625194,0.03974512073784931,0.020372638758500254,0.22648832044632794,1.0
figure_eight,harsh,stanley,2,True,,1.0008312551953449,20.42,0.01866009792107914,0.0421510274609044,0.021436902529912507,0.22805445892428755,1.0
figure_eight,harsh,stanley,3,True,,1.0008312551953449,21.580000000000002,0.01795217764913018,0.04293733093896612,0.02013085495445988,0.2165345504807799,1.0
curvy_loop,clean,pid,0,True,,1.0007215007215007,19.6,0.01771122650781226,0.04542747200312395,0.021048536609372226,0.2819401667796691,1.0
curvy_loop,clean,pid,1,True,,1.0,19.580000000000002,0.017678991430367094,0.04548421405704542,0.021021422114982473,0.2820403874444559,1.0
curvy_loop,clean,pid,2,True,,1.0007215007215007,19.6,0.01771435943146287,0.04544509771546233,0.021052221870212835,0.2819799932856411,1.0
curvy_loop,clean,pid,3,True,,1.0,19.580000000000002,0.017679156659193455,0.04547700327492882,0.021019721697686906,0.2820766548629817,1.0
curvy_loop,clean,pure_pursuit,0,True,,1.0,21.68,0.011542115344802074,0.025108987699368396,0.013575149207206972,0.2617760743120873,1.0
curvy_loop,clean,pure_pursuit,1,True,,1.0,21.64,0.011530610042807778,0.024791849224125567,0.01356324198025182,0.2621656568214612,1.0
curvy_loop,clean,pure_pursuit,2,True,,1.0,21.68,0.011529357514632776,0.024798736873132315,0.013567823673748803,0.2616768539655812,1.0
curvy_loop,clean,pure_pursuit,3,True,,1.0,21.66,0.01153268313772017,0.024860676669680108,0.013565591030600009,0.26195066422520225,1.0
curvy_loop,clean,stanley,0,True,,1.0,19.240000000000002,0.016514163259206037,0.034857538387042225,0.01889126583669096,0.2826477781615552,1.0
curvy_loop,clean,stanley,1,True,,1.0,19.240000000000002,0.016510291483711508,0.03488261851158338,0.018890526097509384,0.2826075527550414,1.0
curvy_loop,clean,stanley,2,True,,1.0,19.240000000000002,0.016508093552654157,0.03491030606125752,0.01889006076071207,0.28260038520574243,1.0
curvy_loop,clean,stanley,3,True,,1.0,19.240000000000002,0.01650763725840139,0.03487645565004914,0.01888652799829996,0.2826128030507786,1.0
curvy_loop,moderate,pid,0,True,,1.0007215007215007,19.98,0.01870347336786983,0.04374242431398366,0.022154621354937676,0.2756164924195927,1.0
curvy_loop,moderate,pid,1,True,,1.0,19.96,0.017074635587300345,0.043277447155155864,0.02041087541681611,0.27816932457252097,1.0
curvy_loop,moderate,pid,2,True,,1.0,19.96,0.018503690171747904,0.038767568633179775,0.021602186068435912,0.2774035376808549,1.0
curvy_loop,moderate,pid,3,True,,1.0,20.12,0.019346230892578767,0.04351753740975782,0.022383444942408667,0.2744185488640849,1.0
curvy_loop,moderate,pure_pursuit,0,True,,1.0,22.02,0.011279070723392806,0.026213585564890004,0.01327374164987063,0.2568046775190057,1.0
curvy_loop,moderate,pure_pursuit,1,True,,1.0,21.92,0.011492507194854696,0.025561283265560952,0.013637923978202161,0.2603482453859704,1.0
curvy_loop,moderate,pure_pursuit,2,True,,1.0007215007215007,21.84,0.012667417311568306,0.03279312831637519,0.014708823161483633,0.2605235287516132,1.0
curvy_loop,moderate,pure_pursuit,3,True,,1.0,22.28,0.011920118143906462,0.024960003082419004,0.013813005838841517,0.25441204522912114,1.0
curvy_loop,moderate,stanley,0,True,,1.0,19.5,0.016731394250974644,0.036823231865820115,0.019491260526038032,0.27871285937259227,1.0
curvy_loop,moderate,stanley,1,True,,1.0,19.6,0.016625255017720667,0.03389286292769031,0.019091799170289414,0.2793624222400124,1.0
curvy_loop,moderate,stanley,2,True,,1.0,19.38,0.015964885966681452,0.033206802167789075,0.01859579424051309,0.28111961384215384,1.0
curvy_loop,moderate,stanley,3,True,,1.0,19.42,0.016338218544331134,0.035512207629064,0.018735079846991777,0.2806731898862149,1.0
curvy_loop,harsh,pid,0,True,,1.0,20.54,0.021403683092714378,0.06317978624846281,0.026054280910171142,0.2668576272127141,1.0
curvy_loop,harsh,pid,1,True,,1.0007215007215007,20.66,0.019246333919071174,0.044883593577457505,0.02173538305834347,0.2712988519269522,1.0
curvy_loop,harsh,pid,2,True,,1.0,20.62,0.01864995190186086,0.03988643809202853,0.022608202753216847,0.2685362810448483,1.0
curvy_loop,harsh,pid,3,True,,1.0007215007215007,21.32,0.02333195906385978,0.05911545118725333,0.027322325885179757,0.2581903750926726,1.0
curvy_loop,harsh,pure_pursuit,0,True,,1.0,22.96,0.012437660778600654,0.040875376342821276,0.015622497330606583,0.2470815561706371,1.0
curvy_loop,harsh,pure_pursuit,1,True,,1.0007215007215007,23.06,0.012276154904669791,0.03828869832972651,0.01510806387587959,0.25205616062917413,1.0
curvy_loop,harsh,pure_pursuit,2,False,vision_lost,0.42207792207792205,10.06,0.015089836012427053,0.07066615920852568,0.018835446968466715,0.24365291226601443,0.952286282306163
curvy_loop,harsh,pure_pursuit,3,True,,1.0,22.72,0.01308731865369633,0.029873199323024766,0.014976631378162015,0.24965309957867837,1.0
curvy_loop,harsh,stanley,0,True,,1.0,19.8,0.017455542971868212,0.04780380662177557,0.021033644867886607,0.27383218472403686,1.0
curvy_loop,harsh,stanley,1,True,,1.0,20.3,0.017405813065417133,0.0363997821481622,0.020249613144393313,0.27223838325534416,1.0
curvy_loop,harsh,stanley,2,True,,1.0,20.16,0.014892621544051446,0.03706987062577333,0.01829221077295081,0.2716323858027487,1.0
curvy_loop,harsh,stanley,3,True,,1.0,19.8,0.01667203187862557,0.04556472353875258,0.019602510332738507,0.2757834635888792,1.0
