controller_name,noise_level,track_name,n_runs,success_rate,mean_abs_error_m,max_abs_error_m,mean_speed_mps
pid,clean,*,12,1.0,0.01794887106115294,0.07182288909270143,0.25472676892728263
pid,harsh,*,12,0.8333333333333334,0.019074008828299672,0.08243911232746802,0.24631470564720429
pid,moderate,*,12,1.0,0.01805088802246353,0.07511831865045872,0.2507994049209581
pure_pursuit,clean,*,12,0.6666666666666666,0.01112114712851765,0.029410728911457094,0.2397085088544108
pure_pursuit,harsh,*,12,0.5833333333333334,0.014074074937028426,0.09171685458029331,0.23535427331082664
pure_pursuit,moderate,*,12,0.6666666666666666,0.0113442248462244,0.03279312831637519,0.238514985978863
stanley,clean,*,12,1.0,0.016767180267144615,0.03697132122165242,0.2606459268497628
stanley,harsh,*,12,1.0,0.017512945942843118,0.05031570333795442,0.2584084326627123
stanley,moderate,*,12,1.0,0.01682937679612674,0.04588430554576579,0.25870119995437457
